,Lambda,val_acc,test_acc
0,4.98800e-02,4.34000e-01,4.41300e-01
1,4.24400e-02,4.41600e-01,4.56500e-01
2,1.88100e-04,4.96200e-01,5.09400e-01
3,8.14600e-05,5.00600e-01,5.04300e-01
4,3.46200e-05,5.01200e-01,5.10700e-01
5,3.34700e-04,5.10000e-01,5.06700e-01
6,8.40400e-03,5.11400e-01,5.22100e-01
7,1.68900e-03,5.21200e-01,5.26500e-01
8,1.13100e-03,5.21400e-01,5.17100e-01
9,3.26100e-03,5.26200e-01,5.26600e-01
10,4.28600e-03,5.26200e-01,5.30500e-01
11,3.37500e-03,5.28200e-01,5.24100e-01
