,Lambda,val_acc,test_acc
0,0.02086,0.4338,0.4457
1,0.01698,0.4396,0.4511
2,0.007459,0.4522,0.4621
3,0.007782,0.4638,0.4732
4,0.001131,0.4672,0.4775
5,1.259e-05,0.47,0.4702
6,0.0007448,0.4708,0.4741
7,1.653e-05,0.477,0.4806
