,lambda,acc
0,0.006829115444441891,0.538
1,0.006735612571954943,0.5352
2,0.005431058883229278,0.5382
3,0.004496353827559224,0.537
4,0.007488448967888292,0.5378
5,0.008157044879317319,0.5279
6,0.0032461338701209826,0.5415
7,0.009261435469204592,0.5387
